{"bunny": {"artist": {"n": 12, "weight_binary": {"1,0": 0.0012607143362017928, "5,0": 0.0006588078458684125, "0,5": 0.0006588078458684125, "7,0": 0.006165089437329161, "0,7": 0.006165089437329161, "6,0": 0.006180609848636069, "0,6": 0.006180609848636069, "10,1": 0.029755673357152037, "1,10": 0.029755673357152037, "2,1": 0.019245809313774592, "3,1": 0.00044202243237465304, "1,3": 0.00044202243237465304, "10,2": 0.04002574357155267, "3,2": 0.00464301502654569, "2,3": 0.00464301502654569, "6,2": 0.015881054959967354, "2,6": 0.015881054959967354, "4,3": 0.002110772885517351, "3,4": 0.002110772885517351, "8,3": 0.03678854110055732, "3,8": 0.03678854110055732, "5,4": 0.011311923174115793, "4,5": 0.011311923174115793, "9,4": 0.0006959939387057181, "4,8": 0.002106036681658958, "7,5": 0.059376565724045205, "11,5": 0.007642546048182229, "5,11": 0.007642546048182229, "1,6": 0.026127350568726608, "6,1": 0.026127350568726608, "5,6": 0.010727348367010055, "6,5": 0.010727348367010055, "7,6": 0.013911988393854206, "6,7": 0.013911988393854206, "4,7": 0.008267771095018483, "7,4": 0.008267771095018483, "11,8": 0.001899000588967413, "8,11": 0.001899000588967413, "9,8": 0.011210014578493539, "8,9": 0.011210014578493539, "11,9": 0.08999185989262963, "9,11": 0.08999185989262963, "3,9": 0.024352658074999436, "9,3": 0.024352658074999436, "3,10": 0.008272356336361527, "10,3": 0.008272356336361527, "6,10": 0.014290491173627028, "10,6": 0.014290491173627028, "4,11": 0.022823449175242917, "11,4": 0.022823449175242917, "3,11": 0.05283679226828535, "11,3": 0.05283679226828535}, "weight_unary": [1.0815564398442132, 0.8367316426564432, 0.7688967866539117, 0.7806642415729086, 0.9996965146181516, 0.48295249921214617, 1.2754811632696936, 0.07502890202476331, 0.5925777388344982, 0.15635555000708679, 1.3823375107593896, 0.31181168959596256]}}}